IdVariable,Opcion,Valor,Comentarios
1,12*12,1.0,
1,5*11,200.0,
1,5*8,1000.0,
1,6*11,400.0,
1,6*8,300.0,
1,7*24,500.0,
2,Español,0.0,
2,Ingles,5.0,
2,Portugues,8.0,
3,NO,0.0,
3,SI,1.0,
4,NO,0.0,
4,SI,1.0,
5,NO,0.0,
5,SI,1.0,
6,NO,0.0,
6,SI,1.0,
7,Fisica,20.0,
7,Remoto,0.0,
8,NO,0.0,
8,SI,5.0,
9,NO,0.0,
9,SI,1.0,
10,NO,0.0,
10,SI,1.0,
11,NO,0.0,
11,SI,1.0,
12,NO,0.0,
12,SI,1.0,
13,NO,0.0,
13,SI,1.0,
14,NO,0.0,
14,SI,1.0,
15,Comercilaes,5.0,
15,Onpremise,20.0,
16,NO,0.0,
16,SI,2.0,
17,NO,0.0,
17,SI,1.0,
18,NO,0.0,
18,SI,1.0,
19,NO,0.0,
19,SI,0.0,
20,NO,0.0,
20,SI,0.0,
21,NO,0.0,
21,SI,0.0,
22,Aplicación Ofimática,10.0,
22,Infraestructura,30.0,
22,Onpremise,20.0,
22,etc,0.0,
23,NO,0.0,
23,SI,1.0,
24,M1,10.0,
24,M2,20.0,
24,M3,30.0,
25,NO,0.0,
25,SI,1.0,
26,Diario,1.0,
26,Mensual,4.0,
26,Quincenal,3.0,
26,Semanal,2.0,
27,NO,0.0,
27,SI,1.0,
28,NO,0.0,
28,SI,0.0,
29,NO,0.0,
29,SI,0.0,
30,NO,0.0,
30,SI,0.0,
31,NO,0.0,
31,SI,0.0,
32,NO,0.0,
32,SI,1.0,
33,NO,0.0,
33,SI,1.0,
34,NO,0.0,
34,SI,1.0,
35,NO,0.0,
35,SI,1.0,
36,NO,0.0,
36,SI,1.0,
37,NO,0.0,
37,SI,1.0,
38,NO,0.0,
38,SI,1.0,
39,NO,0.0,
39,SI,1.0,
40,NO,0.0,
40,SI,1.0,
41,NO,0.0,
41,SI,1.0,
48,5*8,0.0,
48,5*12,20.0,
48,7*24,35.0,
49,NO,0.0,
49,SI,10.0,
51,Español,0.0,
51,Ingles,30.0,
30117,N1-Monitoreo/NOC,0.0,
30117,N2-Gestión Casos,30.0,
30117,"N3-Especialista (N1,N2)",60.0,
30119,NO,0.0,
30119,SI,5.0,
30203,5*8,0.0,
30203,5*12,20.0,
30203,7*24,40.0,
30204,NO,0.0,
30204,SI,10.0,
30207,Nivel 1 (Soporte básico / Service Desk),0.0,"70% - 85%. La mayoría de los tiquetes entran aquí: desbloqueos, contraseñas, fallas de usuario, incidentes menores y solicitudes estándar."
30207,Nivel 2 (Soporte especializado),30.0,"Nivel 2 (Soporte especializado): 10% - 25%. Casos que requieren conocimiento t?cnico: redes, servidores, aplicaciones internas y fallas que no se resuelven en primer contacto."
30207,Nivel 3 (Ingeniería / Desarrollo / Proveedores),60.0,"1% - 5%. Incidentes críticos, bugs de software, fallas de infraestructura compleja y requerimientos de fabricantes."
30206,Nivel 1 (Service Desk),0.0,"Español: 90% de los casos
Inglés: 10% (principalmente multinacionales)"
30206, Nivel 2 (Soporte especializado),20.0,"Español: 80%
Inglés: 20% (proveedores, cloud, infraestructura)"
30206,Nivel 3 (Ingeniería / Desarrollo),30.0,"Español: 70%
Inglés: 30% (bugs, soporte de fabricantes, cloud escalado)"
30208,NO,0.0,
30208,SI,3.0,
2004,5X7,0.0,
2004,5X8,0.0,
2004,7X24,40.0,
2002,GS. Junior Gerente de Servicio,7800000.0,
2002,GS. Senior Gerente de Servicio,10400000.0,
2002,GS. Master Gerente de Servicio,13000000.0,
2002,BD. Junior (Tareas de Operación),5200000.0,
2002,BD. Senior (Administración y Soporte N1/N2),9750000.0,
2002,BD. Master (Administración y Soporte N3) Sql - My Sql,13000000.0,
2002,BD. Master (Administración y Soporte N3) Oracle-Informix-DB2,15600000.0,
2002,SO. Junior (Tareas de Operación) Windows,3250000.0,
2002,SO. Senior (Administración y Soporte N1/N2) Windows,6500000.0,
2002,SO. Master (Administración y Soporte N3) Windows,10400000.0,
2002,SO. Junior (Tareas de Operación) AIX - Solaris - Linux,4550000.0,
2002,SO. Senior (Administración y Soporte N1/N2) AIX - Solaris - Linux,7800000.0,
2002,SO. Master (Administración y Soporte N3) AIX - Solaris - Linux,11700000.0,
2002,SO. Junior (Tareas de Operación) AS400,4940000.0,
2002,SO. Senior (Administración y Soporte N1/N2) AS400,8450000.0,
2002,SO. Master (Administración y Soporte N3) AS400,13000000.0,
2002,PL. Junior (Tareas de Operación),3640000.0,
2002,PL. Senior (Administración y Soporte N1/N2),6500000.0,
2002,PL. Master (Administración y Soporte N3),10400000.0,
2002,AS. Junior (Tareas de Operación),4550000.0,
2002,AS. Senior (Administración y Soporte N1/N2),8450000.0,
2002,AS. Master (Administración y Soporte N3),11700000.0,
2002,OF. Junior (Tareas de Operación),3375000.0,
2002,OF. Senior (Administración y Soporte N1/N2),4500000.0,
2002,OF. Master (Administración y Soporte N3),7000000.0,
2002,IN. Junior (Tareas de Operación),3900000.0,
2002,IN. Senior (Administración y Soporte N1/N2),7150000.0,
2002,IN. Master (Administración y Soporte N3),10400000.0,
2002,MO. Junior (Tareas de Operación),2600000.0,
2002,MO. Senior (Administración y Soporte N1/N2),4550000.0,
2002,MO. Master (Administración y Soporte N3),6500000.0,
2002,AV. Junior (Tareas de Operación),4550000.0,
2002,AV. Senior (Administración y Soporte N1/N2),7800000.0,
2002,AV. Master (Administración y Soporte N3),11700000.0,
2002,CL. Junior (Tareas de Operación),4550000.0,
2002,CL. Senior (Administración y Soporte N1/N2),7800000.0,
2002,CL. Master (Administración y Soporte N3),13000000.0,
2002,IR. Junior (Tareas de Operación),4940000.0,
2002,IR. Senior (Administración y Soporte N1/N2),7800000.0,
2002,IR. Master (Administración y Soporte N3),12350000.0,
2001,GERENCIA,0.0,
2001,BASE DE DATOS,0.0,
2001,SO,0.0,
2001,PLATAFORMA_DE_BACKUP,0.0,
2001,APLICACIONES SOA CAPA MEDIA,0.0,
2001,OFFICE 365,0.0,
2001,INFRAESTRUCTURA,0.0,
2001,MONITOREO,0.0,
2001,ADMIN. VIRTUALIZACION HIPERVISORES,0.0,
2001,CLOUD,0.0,
2001,CLOUD AUTOMATION,0.0,
2006,GS. Junior Gerente de Servicio,74285.71,
2006,GS. Senior Gerente de Servicio,99047.62,
2006,GS. Master Gerente de Servicio,123809.52,
2006,BD. Junior (Tareas de Operación),49523.81,
2006,BD. Senior (Administración y Soporte N1/N2),92857.14,
2006,BD. Master (Administración y Soporte N3) Sql - My Sql,123809.52,
2006,BD. Master (Administración y Soporte N3) Oracle-Informix-DB2,148571.43,
2006,SO. Junior (Tareas de Operación) Windows,30952.38,
2006,SO. Senior (Administración y Soporte N1/N2) Windows,61904.76,
2006,SO. Master (Administración y Soporte N3) Windows,99047.62,
2006,SO. Junior (Tareas de Operación) AIX - Solaris - Linux,43333.33,
2006,SO. Senior (Administración y Soporte N1/N2) AIX - Solaris - Linux,74285.71,
2006,SO. Master (Administración y Soporte N3) AIX - Solaris - Linux,111428.57,
2006,SO. Junior (Tareas de Operación) AS400,47047.62,
2006,SO. Senior (Administración y Soporte N1/N2) AS400,80476.19,
2006,SO. Master (Administración y Soporte N3) AS400,123809.52,
2006,PL. Junior (Tareas de Operación),34666.67,
2006,PL. Senior (Administración y Soporte N1/N2),61904.76,
2006,PL. Master (Administración y Soporte N3),99047.62,
2006,AS. Junior (Tareas de Operación),43333.33,
2006,AS. Senior (Administración y Soporte N1/N2),80476.19,
2006,AS. Master (Administración y Soporte N3),111428.57,
2006,OF. Junior (Tareas de Operación),32142.86,
2006,OF. Senior (Administración y Soporte N1/N2),42857.14,
2006,OF. Master (Administración y Soporte N3),66666.67,
2006,IN. Junior (Tareas de Operación),37142.86,
2006,IN. Senior (Administración y Soporte N1/N2),68095.24,
2006,IN. Master (Administración y Soporte N3),99047.62,
2006,MO. Junior (Tareas de Operación),24761.90,
2006,MO. Senior (Administración y Soporte N1/N2),43333.33,
2006,MO. Master (Administración y Soporte N3),61904.76,
2006,AV. Junior (Tareas de Operación),43333.33,
2006,AV. Senior (Administración y Soporte N1/N2),74285.71,
2006,AV. Master (Administración y Soporte N3),111428.57,
2006,CL. Junior (Tareas de Operación),43333.33,
2006,CL. Senior (Administración y Soporte N1/N2),74285.71,
2006,CL. Master (Administración y Soporte N3),123809.52,
2006,IR. Junior (Tareas de Operación),47047.62,
2006,IR. Senior (Administración y Soporte N1/N2),74285.71,
2006,IR. Master (Administración y Soporte N3),117619.05,
